Clima,TraficoPico,RiesgoRuta,Distancia_km,TiempoEstimado_min,TiempoReal_min,Demora_min,TipoCarga,Peso_kg,ExperienciaConductor_anios,AntiguedadCamion_anios,FallasMecanicas,NivelCombustible_pct,HorarioSalida,EntregaATiempo,grupo
0,0,0,74,60,64,4,1,844,9,3,0,0,0,1,perfecto
0,0,0,93,82,87,5,1,1855,13,2,0,0,0,1,perfecto
0,0,0,84,66,71,5,1,2074,9,1,0,0,0,1,perfecto
0,0,0,46,36,40,4,1,1571,13,2,0,0,0,1,perfecto
0,0,0,51,40,40,0,1,2660,10,0,0,0,0,1,perfecto
0,0,0,91,76,78,2,1,1475,6,2,0,0,0,1,perfecto
0,0,0,30,25,28,3,1,1777,6,1,0,0,0,1,perfecto
0,0,0,87,73,73,0,1,785,15,1,0,0,0,1,perfecto
0,0,0,86,79,81,2,1,1909,12,2,0,0,0,1,perfecto
0,0,0,63,49,49,0,1,2416,11,1,0,0,0,1,perfecto
0,0,0,51,42,45,3,1,2328,13,0,0,0,0,1,perfecto
0,0,0,49,42,43,1,1,1142,8,0,0,0,0,1,perfecto
0,0,0,48,39,40,1,1,2980,9,3,0,0,0,1,perfecto
0,0,0,61,48,49,1,1,2300,10,1,0,0,0,1,perfecto
0,0,0,65,55,60,5,1,1559,12,1,0,0,0,1,perfecto
0,0,0,69,53,55,2,1,1537,11,0,0,0,0,1,perfecto
0,0,0,100,76,79,3,1,2448,8,0,0,0,0,1,perfecto
0,0,0,85,72,77,5,1,939,11,3,0,0,0,1,perfecto
0,0,0,74,66,66,0,1,2099,9,2,0,0,0,1,perfecto
0,0,0,99,78,79,1,1,2297,8,3,0,0,0,1,perfecto
0,0,0,45,34,36,2,0,7109,7,3,0,0,0,1,perfecto
0,0,0,41,37,42,5,0,6732,8,1,0,0,0,1,perfecto
0,0,0,73,58,62,4,1,1672,11,1,0,0,0,1,perfecto
0,0,0,33,26,30,4,1,1662,9,2,0,0,0,1,perfecto
0,0,0,32,24,26,2,1,1212,10,3,0,0,0,1,perfecto
0,0,0,66,59,64,5,1,2798,13,1,0,0,0,1,perfecto
0,0,0,63,57,58,1,1,1291,12,0,0,0,0,1,perfecto
0,0,0,94,71,73,2,1,2238,10,1,0,0,0,1,perfecto
0,0,0,74,67,69,2,0,7921,11,1,0,0,0,1,perfecto
0,0,0,66,59,59,0,1,2839,6,1,0,0,0,1,perfecto
0,0,0,65,53,53,0,1,2870,10,2,0,0,0,1,perfecto
0,0,0,47,39,43,4,1,575,10,3,0,0,0,1,perfecto
0,0,0,31,24,29,5,1,2986,8,0,0,0,0,1,perfecto
0,0,0,43,38,39,1,0,6118,8,1,0,0,0,1,perfecto
0,0,0,78,59,59,0,1,685,13,1,0,0,0,1,perfecto
0,0,0,44,39,39,0,1,1743,6,2,0,0,0,1,perfecto
0,0,0,56,44,44,0,0,4976,15,3,0,0,0,1,perfecto
0,0,0,30,27,31,4,1,1872,15,3,0,0,0,1,perfecto
0,0,0,88,73,73,0,1,964,12,2,0,0,0,1,perfecto
0,0,0,41,38,42,4,1,1420,8,1,0,0,0,1,perfecto
0,0,0,49,42,46,4,0,6989,8,0,0,0,0,1,perfecto
0,0,0,92,79,80,1,1,2006,11,3,0,0,0,1,perfecto
0,0,0,66,52,53,1,0,6298,12,0,0,0,0,1,perfecto
0,0,0,89,74,75,1,1,2841,9,0,0,0,0,1,perfecto
0,0,0,75,68,72,4,1,1322,10,0,0,0,0,1,perfecto
0,0,0,82,62,67,5,1,1924,6,2,0,0,0,1,perfecto
0,0,0,36,28,32,4,1,515,14,3,0,0,0,1,perfecto
0,0,0,68,52,53,1,1,1430,15,3,0,0,0,1,perfecto
0,0,0,66,58,62,4,1,2902,8,1,0,0,0,1,perfecto
0,0,0,91,77,81,4,1,797,15,3,0,0,0,1,perfecto
0,0,0,55,48,50,2,0,5314,14,0,0,0,0,1,perfecto
0,0,0,72,65,65,0,1,2131,7,3,0,0,0,1,perfecto
0,0,0,34,31,32,1,0,7003,7,2,0,0,0,1,perfecto
0,0,0,57,47,51,4,1,2445,10,2,0,0,0,1,perfecto
0,0,0,53,48,51,3,1,1223,12,0,0,0,0,1,perfecto
0,0,0,41,36,36,0,0,7199,9,3,0,0,0,1,perfecto
0,0,0,87,67,72,5,0,6237,13,1,0,0,0,1,perfecto
0,0,0,57,47,50,3,1,797,7,1,0,0,0,1,perfecto
0,0,0,99,88,90,2,1,2375,15,3,0,0,0,1,perfecto
0,0,0,71,57,57,0,0,6640,12,2,0,0,0,1,perfecto
0,0,0,72,63,66,3,0,6734,8,0,0,0,0,1,perfecto
0,0,0,75,62,65,3,1,1784,13,0,0,0,0,1,perfecto
0,0,0,77,67,67,0,0,7150,10,1,0,0,0,1,perfecto
0,0,0,41,34,39,5,1,1873,13,0,0,0,0,1,perfecto
0,0,0,61,49,52,3,1,2359,13,2,0,0,0,1,perfecto
0,0,0,47,39,39,0,1,2642,12,1,0,0,0,1,perfecto
0,0,0,58,49,50,1,1,648,7,2,0,0,0,1,perfecto
0,0,0,37,29,30,1,1,1981,6,2,0,0,0,1,perfecto
0,0,0,98,75,79,4,1,2959,12,0,0,0,0,1,perfecto
0,0,0,45,40,44,4,1,1649,8,3,0,0,0,1,perfecto
0,0,0,77,69,73,4,1,2424,6,3,0,0,0,1,perfecto
0,0,0,51,46,49,3,1,743,11,0,0,0,0,1,perfecto
0,0,0,91,69,74,5,1,2684,15,3,0,0,0,1,perfecto
0,0,0,76,58,59,1,1,1955,13,3,0,0,0,1,perfecto
0,0,0,39,34,37,3,1,2721,9,1,0,0,0,1,perfecto
0,0,0,89,67,70,3,0,7920,9,0,0,0,0,1,perfecto
0,0,0,96,85,87,2,1,2673,12,2,0,0,0,1,perfecto
0,0,0,93,77,79,2,1,643,10,1,0,0,0,1,perfecto
0,0,0,70,58,62,4,1,2289,11,0,0,0,0,1,perfecto
0,0,0,40,30,35,5,1,992,14,3,0,0,0,1,perfecto
0,0,0,43,39,44,5,1,1165,6,2,0,0,0,1,perfecto
0,0,0,95,82,83,1,1,1312,6,3,0,0,0,1,perfecto
0,0,0,69,56,60,4,1,1978,14,2,0,0,0,1,perfecto
0,0,0,43,39,43,4,1,2070,8,2,0,0,0,1,perfecto
0,0,0,92,81,86,5,1,2829,14,3,0,0,0,1,perfecto
0,0,0,75,63,66,3,1,532,8,1,0,0,0,1,perfecto
0,0,0,70,54,55,1,1,984,14,0,0,0,0,1,perfecto
0,0,0,56,44,48,4,1,1405,15,1,0,0,0,1,perfecto
0,0,0,59,46,47,1,1,2545,15,3,0,0,0,1,perfecto
0,0,0,47,37,39,2,1,1875,8,3,0,0,0,1,perfecto
0,0,0,33,26,28,2,1,1780,11,2,0,0,0,1,perfecto
0,0,0,91,70,74,4,1,2400,6,1,0,0,0,1,perfecto
0,0,0,63,50,51,1,1,2138,8,0,0,0,0,1,perfecto
0,0,0,68,54,58,4,1,1225,10,3,0,0,0,1,perfecto
0,0,0,53,46,46,0,1,718,6,1,0,0,0,1,perfecto
0,0,0,83,74,76,2,1,1656,12,3,0,0,0,1,perfecto
0,0,0,32,25,25,0,1,2700,7,0,0,0,0,1,perfecto
0,0,0,56,50,50,0,1,1995,7,1,0,0,0,1,perfecto
0,0,0,32,24,25,1,1,633,12,3,0,0,0,1,perfecto
0,0,0,39,32,37,5,1,1600,14,3,0,0,0,1,perfecto
0,0,0,98,84,87,3,0,5139,15,0,0,0,0,1,perfecto
0,0,0,76,58,62,4,1,1956,7,1,0,0,0,1,perfecto
0,0,0,60,53,54,1,1,1968,13,1,0,0,0,1,perfecto
0,0,0,67,55,56,1,1,2878,13,2,0,0,0,1,perfecto
0,0,0,91,82,87,5,0,4746,14,3,0,0,0,1,perfecto
0,0,0,54,41,45,4,1,1520,7,2,0,0,0,1,perfecto
0,0,0,71,58,60,2,1,2034,10,2,0,0,0,1,perfecto
0,0,0,78,61,62,1,0,5681,14,1,0,0,0,1,perfecto
0,0,0,55,48,53,5,0,7953,11,0,0,0,0,1,perfecto
0,0,0,66,51,53,2,1,1677,8,2,0,0,0,1,perfecto
0,0,0,84,67,67,0,1,2536,6,0,0,0,0,1,perfecto
0,0,0,94,76,81,5,1,1713,13,2,0,0,0,1,perfecto
0,0,0,41,31,33,2,1,2909,6,2,0,0,0,1,perfecto
0,0,0,95,80,82,2,1,1206,14,2,0,0,0,1,perfecto
0,0,0,30,25,27,2,1,818,12,3,0,0,0,1,perfecto
0,0,0,83,66,67,1,1,2576,8,0,0,0,0,1,perfecto
0,0,0,87,67,70,3,1,1243,8,1,0,0,0,1,perfecto
0,0,0,40,34,35,1,1,2618,6,3,0,0,0,1,perfecto
0,0,0,59,47,50,3,1,2024,9,1,0,0,0,1,perfecto
0,0,0,87,77,77,0,1,1772,11,3,0,0,0,1,perfecto
0,0,0,31,25,30,5,1,718,9,0,0,0,0,1,perfecto
0,0,0,74,58,59,1,1,2466,10,0,0,0,0,1,perfecto
0,0,0,86,78,81,3,1,665,12,0,0,0,0,1,perfecto
0,0,0,66,52,53,1,0,6903,10,3,0,0,0,1,perfecto
0,0,0,81,75,76,1,1,2692,8,2,0,0,0,1,perfecto
0,0,0,46,35,36,1,1,1257,13,2,0,0,0,1,perfecto
0,0,0,44,37,41,4,1,820,13,0,0,0,0,1,perfecto
0,0,0,55,46,46,0,1,2714,10,0,0,0,0,1,perfecto
0,0,0,43,34,38,4,1,1700,7,3,0,0,0,1,perfecto
0,0,0,54,44,46,2,0,6989,10,3,0,0,0,1,perfecto
0,0,0,96,76,78,2,0,3346,9,0,0,0,0,1,perfecto
0,0,0,70,63,64,1,1,1117,10,1,0,0,0,1,perfecto
0,0,0,54,44,46,2,1,1520,7,2,0,0,0,1,perfecto
0,0,0,49,40,44,4,1,2101,10,2,0,0,0,1,perfecto
0,0,0,97,74,79,5,1,2788,6,0,0,0,0,1,perfecto
0,0,0,61,56,61,5,1,2502,10,3,0,0,0,1,perfecto
0,0,0,99,83,86,3,1,903,12,2,0,0,0,1,perfecto
0,0,0,66,53,54,1,1,1693,7,2,0,0,0,1,perfecto
0,0,0,66,54,54,0,1,1730,7,1,0,0,0,1,perfecto
0,0,0,93,84,87,3,1,2974,8,0,0,0,0,1,perfecto
0,0,0,82,67,70,3,1,717,15,3,0,0,0,1,perfecto
0,0,0,71,62,65,3,0,4956,8,3,0,0,0,1,perfecto
0,0,0,60,53,56,3,1,2786,15,3,0,0,0,1,perfecto
0,0,0,91,70,70,0,1,1497,8,2,0,0,0,1,perfecto
0,0,0,59,52,54,2,1,1154,6,1,0,0,0,1,perfecto
0,0,0,95,79,79,0,1,1890,13,3,0,0,0,1,perfecto
0,0,0,35,28,33,5,1,1300,7,0,0,0,0,1,perfecto
0,0,0,60,48,53,5,1,2818,7,1,0,0,0,1,perfecto
0,0,0,66,54,58,4,1,712,11,1,0,0,0,1,perfecto
0,0,0,97,75,77,2,1,1017,8,3,0,0,0,1,perfecto
0,0,0,48,40,44,4,1,710,12,1,0,0,0,1,perfecto
0,0,0,86,69,73,4,1,2280,11,3,0,0,0,1,perfecto
0,0,0,77,60,62,2,0,3526,13,1,0,0,0,1,perfecto
0,0,0,80,64,64,0,0,3904,9,1,0,0,0,1,perfecto
0,0,0,74,59,64,5,1,2734,8,1,0,0,0,1,perfecto
0,0,0,98,83,86,3,1,2841,8,1,0,0,0,1,perfecto
0,0,0,53,43,45,2,1,1140,13,3,0,0,0,1,perfecto
0,0,0,58,49,54,5,0,7967,9,1,0,0,0,1,perfecto
0,0,0,44,35,40,5,1,1469,14,1,0,0,0,1,perfecto
0,0,0,34,29,34,5,1,2906,11,0,0,0,0,1,perfecto
0,0,0,45,38,38,0,1,2409,13,2,0,0,0,1,perfecto
0,0,0,94,74,74,0,0,7015,12,0,0,0,0,1,perfecto
0,0,0,89,74,76,2,1,2256,12,1,0,0,0,1,perfecto
0,0,0,38,33,36,3,1,2793,15,1,0,0,0,1,perfecto
0,0,0,72,56,57,1,1,2919,10,1,0,0,0,1,perfecto
0,0,0,64,54,56,2,1,2290,14,0,0,0,0,1,perfecto
0,0,0,72,56,59,3,0,6167,14,1,0,0,0,1,perfecto
0,0,0,76,59,63,4,0,7321,10,3,0,0,0,1,perfecto
0,0,0,51,43,47,4,1,1396,12,2,0,0,0,1,perfecto
0,0,0,97,77,77,0,0,3953,10,1,0,0,0,1,perfecto
0,0,0,63,58,60,2,1,2319,12,3,0,0,0,1,perfecto
0,0,0,74,63,64,1,1,842,10,2,0,0,0,1,perfecto
0,0,0,74,57,58,1,1,1460,10,2,0,0,0,1,perfecto
0,0,0,43,35,39,4,1,2989,8,1,0,0,0,1,perfecto
0,0,0,34,28,30,2,1,1899,12,2,0,0,0,1,perfecto
0,0,0,59,47,49,2,1,1804,15,1,0,0,0,1,perfecto
0,0,0,83,66,71,5,1,2870,9,0,0,0,0,1,perfecto
0,0,0,87,71,73,2,1,1210,6,3,0,0,0,1,perfecto
0,0,0,81,68,72,4,0,6306,13,2,0,0,0,1,perfecto
0,0,0,38,34,39,5,0,3333,8,1,0,0,0,1,perfecto
0,0,0,94,81,86,5,1,1410,12,2,0,0,0,1,perfecto
0,0,0,86,74,75,1,1,1318,12,2,0,0,0,1,perfecto
0,0,0,91,76,78,2,0,6439,15,3,0,0,0,1,perfecto
0,0,0,67,50,50,0,1,2789,11,1,0,0,0,1,perfecto
0,0,0,94,80,84,4,1,965,7,3,0,0,0,1,perfecto
0,0,0,33,28,30,2,1,522,8,2,0,0,0,1,perfecto
0,0,0,32,27,27,0,0,5333,8,1,0,0,0,1,perfecto
0,0,0,31,25,25,0,1,1995,15,3,0,0,0,1,perfecto
0,0,0,48,36,37,1,1,2180,14,3,0,0,0,1,perfecto
0,0,0,47,36,36,0,1,2333,10,1,0,0,0,1,perfecto
0,0,0,43,37,37,0,1,607,14,0,0,0,0,1,perfecto
0,0,0,70,61,64,3,1,730,11,2,0,0,0,1,perfecto
0,0,0,33,25,26,1,0,3954,9,0,0,0,0,1,perfecto
0,0,0,71,59,64,5,0,4001,6,2,0,0,0,1,perfecto
0,0,0,42,33,36,3,1,1761,15,2,0,0,0,1,perfecto
0,0,0,77,70,73,3,1,2341,14,0,0,0,0,1,perfecto
0,0,0,31,24,27,3,1,2144,13,1,0,0,0,1,perfecto
0,0,0,52,45,48,3,0,7084,7,3,0,0,0,1,perfecto
0,0,0,96,80,84,4,1,616,11,0,0,0,0,1,perfecto
0,0,0,68,60,61,1,1,1092,9,1,0,0,0,1,perfecto
0,0,0,87,73,76,3,1,2744,12,2,0,0,0,1,perfecto
0,0,0,76,59,62,3,1,808,14,0,0,0,0,1,perfecto
0,0,0,73,57,61,4,0,5194,11,1,0,0,0,1,perfecto
0,0,0,43,36,40,4,1,625,15,3,0,0,0,1,perfecto
0,0,0,70,55,59,4,1,2848,7,1,0,0,0,1,perfecto
0,0,0,33,28,31,3,1,929,15,3,0,0,0,1,perfecto
0,0,0,86,73,73,0,1,1525,14,0,0,0,0,1,perfecto
0,0,0,97,80,84,4,0,7120,14,2,0,0,0,1,perfecto
0,0,0,90,79,84,5,1,2297,15,1,0,0,0,1,perfecto
0,0,0,34,29,32,3,1,2844,8,3,0,0,0,1,perfecto
0,0,0,54,43,45,2,1,2341,7,1,0,0,0,1,perfecto
0,0,0,52,41,42,1,1,1368,6,0,0,0,0,1,perfecto
0,0,0,38,35,37,2,1,688,13,3,0,0,0,1,perfecto
0,0,0,74,58,61,3,1,2269,10,2,0,0,0,1,perfecto
0,0,0,86,67,71,4,1,2931,8,0,0,0,0,1,perfecto
0,0,0,52,44,46,2,1,543,6,2,0,0,0,1,perfecto
0,0,0,90,82,83,1,1,2437,8,2,0,0,0,1,perfecto
0,0,0,86,69,69,0,1,940,15,3,0,0,0,1,perfecto
0,0,0,39,34,37,3,1,1650,6,2,0,0,0,1,perfecto
0,0,0,84,68,71,3,1,1807,6,2,0,0,0,1,perfecto
0,0,0,92,78,83,5,1,2036,8,0,0,0,0,1,perfecto
0,0,0,44,35,39,4,0,4677,9,2,0,0,0,1,perfecto
0,0,0,70,61,64,3,0,6836,7,0,0,0,0,1,perfecto
0,0,0,75,62,62,0,1,1481,8,1,0,0,0,1,perfecto
0,0,0,73,60,64,4,1,2288,11,1,0,0,0,1,perfecto
0,0,0,37,30,33,3,0,3822,6,2,0,0,0,1,perfecto
0,0,0,76,67,72,5,1,1533,15,0,0,0,0,1,perfecto
0,0,0,74,56,60,4,0,5316,10,2,0,0,0,1,perfecto
0,0,0,88,76,77,1,1,1734,9,1,0,0,0,1,perfecto
0,0,0,86,74,76,2,1,1203,6,3,0,0,0,1,perfecto
0,0,0,53,46,48,2,1,1105,7,3,0,0,0,1,perfecto
0,0,0,81,74,75,1,1,871,14,3,0,0,0,1,perfecto
0,0,0,91,77,81,4,0,6386,9,0,0,0,0,1,perfecto
0,0,0,93,73,75,2,1,1233,12,2,0,0,0,1,perfecto
0,0,0,41,33,37,4,0,4863,7,3,0,0,0,1,perfecto
0,0,0,32,28,31,3,1,2620,9,3,0,0,0,1,perfecto
0,0,0,76,68,70,2,1,1360,9,3,0,0,0,1,perfecto
0,0,0,45,39,43,4,1,2048,14,0,0,0,0,1,perfecto
0,0,0,69,54,55,1,1,2756,9,0,0,0,0,1,perfecto
0,0,0,96,80,83,3,1,1398,13,3,0,0,0,1,perfecto
0,0,0,57,43,43,0,1,1887,15,1,0,0,0,1,perfecto
0,0,0,48,38,38,0,1,1609,9,1,0,0,0,1,perfecto
0,0,0,62,50,54,4,1,2126,8,1,0,0,0,1,perfecto
0,0,0,76,60,64,4,0,4150,14,3,0,0,0,1,perfecto
0,0,0,37,29,33,4,0,7482,15,2,0,0,0,1,perfecto
0,0,0,57,49,54,5,0,7274,15,1,0,0,0,1,perfecto
0,0,0,39,34,37,3,0,6145,7,3,0,0,0,1,perfecto
0,0,0,76,64,64,0,1,2490,12,1,0,0,0,1,perfecto
0,0,0,88,73,75,2,0,4113,7,2,0,0,0,1,perfecto
0,0,0,56,50,51,1,1,2676,9,3,0,0,0,1,perfecto
0,0,0,56,47,51,4,0,6804,10,1,0,0,0,1,perfecto
0,0,0,68,55,56,1,0,5565,15,0,0,0,0,1,perfecto
0,0,0,45,40,43,3,1,1160,13,2,0,0,0,1,perfecto
0,0,0,47,42,47,5,1,1772,15,1,0,0,0,1,perfecto
0,0,0,53,47,48,1,1,2204,14,1,0,0,0,1,perfecto
0,0,0,62,54,59,5,1,1003,9,1,0,0,0,1,perfecto
0,0,0,36,27,31,4,1,653,14,3,0,0,0,1,perfecto
0,0,0,83,76,76,0,1,2477,6,3,0,0,0,1,perfecto
0,0,0,71,63,66,3,1,2522,8,2,0,0,0,1,perfecto
0,0,0,51,45,46,1,0,4435,14,1,0,0,0,1,perfecto
0,0,0,35,29,33,4,0,4922,6,3,0,0,0,1,perfecto
0,0,0,83,76,77,1,1,2145,12,3,0,0,0,1,perfecto
0,0,0,39,33,35,2,1,710,14,0,0,0,0,1,perfecto
0,0,0,39,35,37,2,1,2156,8,0,0,0,0,1,perfecto
0,0,0,39,34,36,2,1,1940,12,0,0,0,0,1,perfecto
0,0,0,36,28,33,5,1,2043,11,1,0,0,0,1,perfecto
0,0,0,93,82,87,5,1,1617,13,2,0,0,0,1,perfecto
0,0,0,49,40,40,0,1,1063,9,2,0,0,0,1,perfecto
0,0,0,51,43,47,4,1,2315,7,0,0,0,0,1,perfecto
0,0,0,88,74,75,1,1,1660,15,2,0,0,0,1,perfecto
0,0,0,73,57,57,0,1,2363,7,2,0,0,0,1,perfecto
0,0,0,43,38,40,2,1,1410,9,3,0,0,0,1,perfecto
0,0,0,60,46,51,5,1,719,6,1,0,0,0,1,perfecto
0,0,0,92,70,73,3,1,1856,7,3,0,0,0,1,perfecto
0,0,0,56,45,48,3,0,6606,12,2,0,0,0,1,perfecto
0,0,0,80,73,77,4,1,2804,6,1,0,0,0,1,perfecto
0,0,0,37,30,32,2,1,2719,8,1,0,0,0,1,perfecto
0,0,0,81,66,68,2,1,643,9,2,0,0,0,1,perfecto
0,0,0,84,66,70,4,0,4289,9,2,0,0,0,1,perfecto
0,0,0,88,77,77,0,1,1153,15,2,0,0,0,1,perfecto
0,0,0,77,58,63,5,1,2243,7,1,0,0,0,1,perfecto
0,0,0,56,43,45,2,0,3099,8,1,0,0,0,1,perfecto
0,0,0,34,31,34,3,1,1305,13,2,0,0,0,1,perfecto
0,0,0,66,57,62,5,1,1721,10,3,0,0,0,1,perfecto
0,0,0,83,76,80,4,1,1826,10,1,0,0,0,1,perfecto
0,0,0,43,33,37,4,0,3644,15,3,0,0,0,1,perfecto
0,0,0,49,37,41,4,1,2095,8,0,0,0,0,1,perfecto
0,0,0,68,51,51,0,1,2196,6,1,0,0,0,1,perfecto
0,0,0,82,66,68,2,0,3180,14,1,0,0,0,1,perfecto
0,0,0,93,74,78,4,1,2193,8,3,0,0,0,1,perfecto
0,0,0,39,31,32,1,1,1363,9,0,0,0,0,1,perfecto
0,0,0,43,35,36,1,1,2019,14,0,0,0,0,1,perfecto
0,0,0,86,65,70,5,1,1649,12,2,0,0,0,1,perfecto
0,0,0,75,61,65,4,1,1907,6,0,0,0,0,1,perfecto
0,0,0,80,69,70,1,1,544,14,3,0,0,0,1,perfecto
0,0,0,100,83,83,0,1,1747,15,3,0,0,0,1,perfecto
0,0,0,96,88,90,2,1,1050,6,3,0,0,0,1,perfecto
0,0,0,89,70,75,5,0,6431,14,1,0,0,0,1,perfecto
0,0,0,84,67,70,3,0,4232,7,2,0,0,0,1,perfecto
0,0,0,58,49,49,0,1,2142,7,2,0,0,0,1,perfecto
0,1,1,249,281,311,30,1,526,4,1,0,0,2,1,mixto
0,1,1,93,118,151,33,0,5978,2,7,0,0,0,0,mixto
1,2,1,134,243,285,42,0,3543,2,11,0,0,0,0,mixto
1,2,1,228,435,465,30,0,6973,11,4,0,0,2,1,mixto
0,2,2,338,619,795,176,2,8648,1,9,1,0,1,0,mixto
0,2,1,228,416,455,39,0,6404,2,0,0,1,0,0,mixto
1,1,1,119,171,198,27,0,4178,11,3,0,0,0,1,mixto
2,0,2,269,355,412,57,0,4073,3,12,0,0,0,0,mixto
1,2,1,95,164,262,98,2,13758,8,7,1,0,0,0,mixto
0,0,0,144,137,162,25,1,2486,10,10,0,1,2,1,mixto
0,1,1,178,229,359,130,0,6740,1,4,1,0,0,0,mixto
0,0,0,82,88,97,9,0,6926,1,4,0,0,0,1,mixto
0,2,1,152,278,394,116,1,2539,9,8,1,0,2,0,mixto
0,0,1,142,150,162,12,0,7385,12,6,0,0,0,1,mixto
0,1,0,138,178,214,36,2,9124,0,8,0,0,0,0,mixto
0,0,0,122,117,207,90,2,12140,12,7,1,1,1,0,mixto
0,2,2,365,661,698,37,0,6407,12,8,0,0,2,0,mixto
0,1,1,80,95,107,12,1,1011,0,12,0,0,2,1,mixto
0,1,1,248,309,323,14,0,4973,12,10,0,0,0,1,mixto
1,1,2,344,414,479,65,0,7219,8,7,0,1,0,0,mixto
1,0,1,248,266,316,50,0,5399,9,4,0,1,1,0,mixto
2,2,2,190,570,636,66,0,5781,12,9,0,0,0,0,mixto
1,1,1,80,100,129,29,1,2271,4,7,0,0,1,1,mixto
1,1,1,100,140,243,103,0,7715,7,10,1,0,0,0,mixto
1,2,2,303,615,784,169,1,1657,3,9,1,0,1,0,mixto
0,1,1,111,139,170,31,2,12537,6,1,0,0,0,0,mixto
1,0,0,111,121,133,12,1,2275,6,9,0,0,0,1,mixto
0,1,0,87,109,124,15,0,4177,7,7,0,0,1,1,mixto
0,0,0,79,81,97,16,0,3242,8,1,0,0,1,1,mixto
2,1,1,210,399,557,158,1,2152,7,12,1,0,1,0,mixto
0,1,1,123,135,150,15,1,988,1,2,0,0,0,1,mixto
0,1,1,225,287,326,39,1,904,7,10,0,0,1,0,mixto
1,2,2,192,414,453,39,0,5150,6,5,0,0,2,0,mixto
0,2,1,135,238,368,130,0,5028,8,11,1,0,0,0,mixto
1,1,1,102,149,258,109,2,13833,5,10,1,0,0,0,mixto
0,2,1,103,191,221,30,1,2712,12,2,0,0,0,1,mixto
0,2,1,150,264,308,44,0,5806,0,7,0,0,1,0,mixto
0,1,0,42,50,103,53,1,2197,1,10,1,0,0,0,mixto
0,1,1,93,111,162,51,0,3757,11,11,1,0,1,0,mixto
2,2,2,377,1131,1239,108,1,2065,3,3,0,0,0,0,mixto
0,1,1,140,162,183,21,1,2541,8,6,0,0,1,1,mixto
0,0,0,52,50,64,14,1,2551,0,11,0,0,0,1,mixto
0,0,0,116,121,161,40,0,6398,11,11,0,1,1,0,mixto
1,1,2,371,525,603,78,2,14860,0,10,0,1,0,0,mixto
1,1,1,135,175,229,54,2,14865,3,5,0,0,1,0,mixto
0,1,1,190,232,328,96,2,9668,2,4,1,0,1,0,mixto
0,1,1,220,248,322,74,1,792,12,9,1,0,1,0,mixto
1,0,1,220,263,292,29,0,7040,11,7,0,0,0,1,mixto
0,0,0,89,88,108,20,2,11602,0,3,0,0,0,1,mixto
0,0,1,130,133,136,3,1,2832,4,6,0,0,2,1,mixto
0,1,1,127,162,178,16,1,964,9,7,0,0,0,1,mixto
0,1,1,101,113,143,30,1,2300,7,12,0,0,0,1,mixto
2,1,2,396,739,806,67,0,7715,11,0,0,0,1,0,mixto
1,2,2,165,301,376,75,2,10188,4,7,0,0,2,0,mixto
0,1,1,213,239,355,116,1,2392,10,11,1,0,1,0,mixto
0,2,1,88,133,153,20,0,6541,12,1,0,0,0,1,mixto
1,1,1,113,165,196,31,0,3264,4,10,0,0,2,0,mixto
1,2,1,214,483,552,69,0,7295,2,6,0,0,0,0,mixto
0,0,1,211,227,241,14,0,3028,7,2,0,0,0,1,mixto
0,1,1,245,305,340,35,2,14419,5,0,0,0,1,0,mixto
0,2,2,295,453,501,48,0,4671,12,12,0,0,2,0,mixto
1,1,2,251,324,379,55,0,5281,4,1,0,0,1,0,mixto
1,2,2,341,771,954,183,2,12281,0,10,1,0,2,0,mixto
1,0,1,129,152,183,31,0,4428,2,6,0,0,1,0,mixto
0,0,1,211,203,214,11,0,7919,1,3,0,0,0,1,mixto
2,2,2,340,961,1090,129,1,2803,0,5,1,0,1,0,mixto
0,1,0,67,89,113,24,0,3293,1,2,0,0,1,1,mixto
2,1,2,239,400,470,70,1,1945,5,0,0,0,0,0,mixto
0,2,1,196,369,421,52,2,10287,6,11,0,0,1,0,mixto
0,0,1,176,182,186,4,1,2368,2,4,0,0,0,1,mixto
1,2,2,239,551,617,66,0,4605,7,9,0,0,0,0,mixto
1,1,1,182,219,253,34,0,4548,0,3,0,0,2,0,mixto
1,0,1,102,112,126,14,1,2583,9,3,0,0,0,1,mixto
0,0,1,91,89,109,20,2,10962,11,3,0,0,0,1,mixto
1,1,1,139,198,208,10,1,2932,12,2,0,0,0,1,mixto
0,1,1,173,213,244,31,1,2122,4,5,0,0,0,0,mixto
0,2,2,288,474,519,45,1,2937,10,3,0,1,0,0,mixto
0,0,0,46,44,47,3,0,4562,0,0,0,0,0,1,mixto
0,0,1,156,146,244,98,1,1046,5,6,1,0,0,0,mixto
0,0,0,105,110,110,0,0,6744,8,0,0,0,0,1,mixto
1,1,1,126,178,221,43,0,6766,6,6,0,0,0,0,mixto
0,1,1,238,291,318,27,2,9194,6,3,0,0,0,1,mixto
0,1,1,240,299,341,42,0,4151,0,12,0,0,0,0,mixto
2,1,1,88,138,190,52,1,1379,8,9,0,0,0,0,mixto
0,1,0,129,159,162,3,1,2454,11,3,0,0,0,1,mixto
0,0,0,147,150,158,8,0,3710,4,12,0,0,2,1,mixto
0,0,0,85,85,111,26,2,11064,5,3,0,1,2,1,mixto
0,2,1,85,143,273,130,0,3862,1,9,1,0,2,0,mixto
0,1,1,94,116,143,27,2,10245,7,6,0,0,2,1,mixto
1,2,2,228,545,613,68,0,5961,8,0,0,0,1,0,mixto
0,1,1,101,116,136,20,1,2503,12,11,0,0,0,1,mixto
1,0,1,190,223,262,39,2,8488,5,10,0,0,1,0,mixto
2,0,2,236,292,464,172,2,14838,10,7,1,0,1,0,mixto
0,0,0,46,48,115,67,1,2130,11,10,1,0,2,0,mixto
0,1,1,216,273,295,22,0,5694,8,2,0,0,0,1,mixto
0,1,0,94,112,124,12,1,1321,4,10,0,0,2,1,mixto
0,1,1,198,220,236,16,1,1013,5,6,0,0,2,1,mixto
0,1,0,98,120,179,59,0,3195,2,9,1,0,2,0,mixto
1,1,1,100,134,244,110,0,6504,11,12,1,0,1,0,mixto
0,0,0,126,128,170,42,2,11751,2,3,0,1,1,0,mixto
1,0,1,159,187,210,23,1,1536,8,9,0,0,2,1,mixto
1,2,2,312,671,736,65,0,6341,3,6,0,1,0,0,mixto
0,0,0,137,128,144,16,1,805,0,10,0,0,1,1,mixto
0,1,1,95,105,132,27,1,537,3,5,0,1,0,1,mixto
1,1,1,190,268,368,100,2,14787,5,11,1,0,0,0,mixto
1,1,2,327,399,442,43,1,1980,6,0,0,0,1,0,mixto
0,1,1,152,202,228,26,0,5269,2,6,0,0,1,1,mixto
1,1,1,238,303,348,45,0,3884,4,7,0,0,0,0,mixto
0,1,0,149,198,224,26,0,4862,4,4,0,0,2,1,mixto
0,2,2,203,356,422,66,2,11362,12,3,0,0,1,0,mixto
0,1,1,239,292,325,33,0,7876,8,11,0,0,0,0,mixto
1,0,1,179,198,238,40,0,5362,2,12,0,0,0,0,mixto
0,0,0,147,137,229,92,2,13219,1,7,1,0,0,0,mixto
0,2,1,118,211,277,66,0,4614,12,8,0,1,2,0,mixto
1,1,1,189,282,406,124,1,1591,1,12,1,0,2,0,mixto
0,0,0,107,114,137,23,2,9272,4,10,0,0,1,1,mixto
1,1,2,386,488,621,133,2,14830,1,2,1,1,0,0,mixto
1,2,1,148,338,405,67,0,7175,6,0,0,1,2,0,mixto
1,1,2,311,460,499,39,1,1981,7,8,0,0,0,0,mixto
0,0,1,229,241,258,17,0,5136,12,9,0,0,0,1,mixto
1,1,1,198,239,271,32,1,701,5,0,0,0,1,0,mixto
0,0,1,243,245,261,16,0,6731,10,10,0,0,0,1,mixto
0,0,0,65,69,71,2,0,3071,6,0,0,0,0,1,mixto
0,2,2,240,394,419,25,0,7833,12,6,0,0,0,1,mixto
0,1,1,103,127,140,13,0,5273,3,4,0,0,2,1,mixto
0,0,1,132,131,161,30,1,1376,7,3,0,1,0,1,mixto
1,2,1,135,232,300,68,0,7551,1,8,0,0,0,0,mixto
1,2,2,195,366,432,66,0,5098,4,6,0,1,0,0,mixto
0,2,1,125,212,245,33,0,6423,7,11,0,0,1,0,mixto
0,0,0,104,96,193,97,0,6754,8,7,1,0,1,0,mixto
0,0,0,133,133,158,25,0,3973,0,10,0,1,2,1,mixto
0,1,1,156,189,216,27,0,7918,8,5,0,0,1,1,mixto
0,1,1,219,246,256,10,1,1755,12,3,0,0,1,1,mixto
2,2,2,356,869,971,102,0,3285,0,4,0,0,1,0,mixto
0,2,2,274,442,496,54,1,2811,1,6,0,1,0,0,mixto
2,2,2,285,855,953,98,0,3092,1,8,0,0,0,0,mixto
2,1,2,328,578,649,71,0,7896,11,6,0,0,0,0,mixto
0,1,1,92,122,142,20,0,6330,12,11,0,0,0,1,mixto
1,0,1,168,192,334,142,2,10359,4,11,1,0,0,0,mixto
1,1,1,129,162,270,108,0,6996,9,3,1,0,0,0,mixto
1,0,0,40,44,60,16,0,6970,9,4,0,0,0,1,mixto
0,0,0,139,131,213,82,2,10348,10,11,1,0,0,0,mixto
1,0,0,92,97,117,20,0,4176,4,5,0,0,0,1,mixto
1,1,1,112,147,182,35,0,3466,2,0,0,0,0,0,mixto
0,1,1,172,195,245,50,0,7281,3,4,1,0,2,0,mixto
0,1,0,112,134,180,46,2,11034,12,8,0,1,0,0,mixto
0,0,1,224,218,222,4,0,4728,11,2,0,0,0,1,mixto
1,0,1,92,101,191,90,2,12234,3,4,1,0,1,0,mixto
1,1,1,120,165,200,35,0,5016,1,7,0,0,1,0,mixto
0,1,0,129,147,161,14,1,861,1,6,0,0,2,1,mixto
1,1,1,86,127,145,18,1,546,11,6,0,0,0,1,mixto
1,1,1,224,270,411,141,1,601,4,4,1,1,0,0,mixto
0,1,1,245,269,289,20,1,1244,12,2,0,0,1,1,mixto
0,1,1,136,153,183,30,0,6026,4,1,0,0,1,1,mixto
1,1,1,212,285,433,148,0,3448,9,5,1,0,1,0,mixto
0,0,1,122,123,130,7,2,12428,0,2,0,0,2,1,mixto
0,0,0,64,65,80,15,0,3738,3,12,0,0,2,1,mixto
2,1,1,116,201,294,93,1,2038,11,12,0,1,0,0,mixto
1,0,1,81,93,122,29,1,621,4,0,0,0,0,1,mixto
0,1,1,92,104,144,40,2,9097,11,5,0,1,2,0,mixto
0,0,1,158,149,168,19,0,7503,1,3,0,0,0,1,mixto
0,1,1,87,104,236,132,0,6695,2,12,1,0,0,0,mixto
1,2,2,267,478,531,53,2,10394,8,0,0,0,1,0,mixto
1,1,2,296,414,452,38,1,2342,7,6,0,0,0,0,mixto
1,1,1,177,219,261,42,1,2726,9,11,0,0,1,0,mixto
0,0,1,186,172,176,4,1,743,11,11,0,0,2,1,mixto
0,2,1,151,247,295,48,1,1768,1,5,0,0,1,0,mixto
0,1,1,231,254,355,101,2,11179,4,5,1,0,0,0,mixto
1,1,1,201,255,290,35,1,1042,2,5,0,0,0,0,mixto
0,2,2,397,645,703,58,0,7019,6,12,0,0,0,0,mixto
0,1,1,128,154,184,30,2,13182,3,7,0,0,0,1,mixto
0,2,1,105,206,261,55,0,4589,3,6,0,0,1,0,mixto
1,1,1,134,195,232,37,2,12847,3,1,0,0,0,0,mixto
0,2,2,164,257,303,46,0,6256,6,3,0,0,0,0,mixto
0,1,0,81,104,115,11,1,928,10,0,0,0,1,1,mixto
0,1,1,237,274,300,26,1,1058,4,2,0,0,1,1,mixto
0,2,2,386,733,785,52,0,4323,10,8,0,0,2,0,mixto
1,0,1,172,179,204,25,1,1422,10,0,0,0,0,1,mixto
1,1,1,91,110,137,27,1,2894,9,10,0,0,0,1,mixto
1,1,1,174,226,284,58,0,3324,2,1,0,1,1,0,mixto
0,0,0,125,135,162,27,2,13036,3,9,0,0,1,1,mixto
0,1,1,94,108,234,126,1,915,0,8,1,0,2,0,mixto
0,1,0,33,40,60,20,1,1051,7,2,0,0,0,1,mixto
1,2,2,316,563,618,55,2,8557,11,4,0,0,2,0,mixto
0,1,1,125,161,299,138,0,7237,12,5,1,0,0,0,mixto
1,1,1,205,287,342,55,0,4475,2,11,0,0,1,0,mixto
0,2,2,213,326,409,83,2,10184,6,1,0,1,1,0,mixto
0,1,0,61,69,79,10,0,4334,7,2,0,0,2,1,mixto
1,2,2,238,419,497,78,2,8853,12,4,0,1,0,0,mixto
0,1,1,133,159,174,15,0,6279,9,12,0,0,2,1,mixto
0,1,1,198,230,275,45,2,11341,3,8,0,0,1,0,mixto
0,0,0,56,52,61,9,0,7990,4,2,0,0,1,1,mixto
1,0,1,230,244,266,22,1,2971,9,8,0,0,0,1,mixto
0,1,0,49,64,68,4,1,920,12,3,0,0,2,1,mixto
0,0,0,33,35,38,3,0,7396,7,5,0,0,0,1,mixto
0,2,2,191,382,437,55,1,1715,4,4,0,0,2,0,mixto
1,2,1,195,448,517,69,1,2076,2,7,0,0,1,0,mixto
0,0,0,50,54,55,1,0,4688,2,3,0,0,1,1,mixto
0,0,0,102,104,215,111,2,10949,2,12,1,0,0,0,mixto
2,0,2,199,259,431,172,2,12361,0,5,1,0,1,0,mixto
1,2,1,110,196,237,41,0,4854,12,2,0,0,0,0,mixto
1,0,1,133,148,248,100,0,6851,11,10,1,0,2,0,mixto
0,1,1,137,176,202,26,0,6842,4,12,0,0,1,1,mixto
1,1,2,154,188,246,58,1,2600,2,0,0,1,0,0,mixto
0,0,0,106,99,110,11,1,1787,7,8,0,0,1,1,mixto
2,0,2,209,252,371,119,0,4342,11,3,1,0,1,0,mixto
1,1,2,177,264,314,50,1,2039,6,11,0,0,0,0,mixto
1,0,0,120,129,157,28,0,3659,5,0,0,0,1,1,mixto
1,2,2,327,627,708,81,1,747,11,2,0,1,1,0,mixto
0,1,0,119,142,221,79,1,2758,12,10,1,0,0,0,mixto
1,0,1,82,95,123,28,0,5644,12,5,0,0,1,1,mixto
0,0,0,38,36,42,6,1,2356,1,1,0,0,1,1,mixto
2,1,2,230,390,471,81,1,1583,5,8,0,0,2,0,mixto
1,1,1,145,215,240,25,2,11852,11,6,0,0,2,1,mixto
0,1,1,222,275,308,33,0,7277,2,9,0,0,0,0,mixto
0,1,1,171,196,269,73,1,2552,12,11,1,0,2,0,mixto
0,1,1,197,251,276,25,2,9233,10,1,0,0,2,1,mixto
1,2,2,247,452,511,59,0,5105,9,4,0,0,0,0,mixto
0,1,1,180,229,255,26,2,14686,8,3,0,0,2,1,mixto
2,2,2,170,510,587,77,0,5655,1,1,0,0,0,0,mixto
0,1,1,144,180,270,90,0,6913,6,10,1,0,0,0,mixto
2,1,1,163,313,376,63,2,9585,12,3,0,0,0,0,mixto
1,1,1,223,274,426,152,0,4917,4,10,1,0,0,0,mixto
0,1,1,238,295,320,25,0,5576,10,12,0,0,0,1,mixto
0,1,1,140,160,187,27,0,5598,7,4,0,0,0,1,mixto
0,1,1,91,101,103,2,1,2859,2,1,0,0,2,1,mixto
0,0,0,59,61,69,8,1,2419,3,8,0,0,1,1,mixto
1,1,1,156,234,280,46,0,5865,12,11,0,0,2,0,mixto
1,2,2,311,617,697,80,1,1375,1,10,0,0,1,0,mixto
2,1,2,199,369,462,93,0,5138,1,1,0,1,0,0,mixto
0,2,1,143,221,296,75,2,11382,1,8,0,1,0,0,mixto
2,2,2,175,525,592,67,0,5517,1,2,0,0,0,0,mixto
0,1,1,173,199,213,14,1,1223,6,7,0,0,2,1,mixto
2,0,1,201,300,360,60,2,9133,0,10,0,0,1,0,mixto
2,1,2,172,315,417,102,0,6988,12,6,0,1,1,0,mixto
0,1,1,179,229,255,26,2,14545,7,8,0,0,2,1,mixto
1,0,1,241,247,263,16,1,632,9,0,0,0,1,1,mixto
1,2,2,341,660,721,61,1,1147,5,4,0,0,0,0,mixto
1,1,2,293,377,421,44,0,6530,5,7,0,0,2,0,mixto
1,0,1,189,223,248,25,1,974,1,9,0,0,1,1,mixto
0,0,0,72,74,85,11,1,1665,4,11,0,0,0,1,mixto
0,0,0,125,117,123,6,1,2169,6,1,0,0,2,1,mixto
0,1,1,170,199,224,25,2,12862,1,4,0,0,0,1,mixto
1,2,2,294,541,602,61,1,1134,11,11,0,0,2,0,mixto
2,0,2,378,504,555,51,0,7278,6,1,0,0,2,0,mixto
0,0,0,51,54,59,5,2,14857,1,7,0,0,2,1,mixto
1,1,1,235,287,312,25,1,779,3,4,0,0,0,1,mixto
0,1,1,213,268,338,70,1,2550,8,12,1,0,1,0,mixto
0,1,1,226,290,326,36,1,2191,8,10,0,0,0,0,mixto
0,2,2,189,311,402,91,0,4196,2,7,1,0,2,0,mixto
0,2,1,83,161,189,28,0,3610,4,4,0,0,0,1,mixto
0,2,2,212,338,377,39,0,4991,6,7,0,0,2,0,mixto
0,1,1,137,158,175,17,1,514,10,9,0,0,2,1,mixto
0,0,0,115,117,241,124,2,8096,4,11,1,0,1,0,mixto
0,0,0,59,59,74,15,1,2094,8,0,0,1,1,1,mixto
1,1,1,206,275,334,59,2,11505,3,7,0,0,1,0,mixto
0,2,2,292,570,634,64,0,6404,7,3,0,1,2,0,mixto
0,0,1,187,201,215,14,0,5729,0,1,0,0,0,1,mixto
1,1,1,233,321,353,32,0,6714,7,10,0,0,2,0,mixto
0,1,1,227,302,377,75,0,5073,7,7,1,0,0,0,mixto
0,1,0,80,102,127,25,0,4285,10,2,0,0,0,1,mixto
2,0,2,241,331,441,110,0,6991,5,3,1,0,2,0,mixto
2,0,2,231,300,361,61,0,4091,1,5,0,0,0,0,mixto
1,0,0,86,94,109,15,1,720,8,8,0,0,0,1,mixto
0,0,1,162,171,202,31,1,1266,9,6,0,1,1,0,mixto
1,1,2,285,359,485,126,2,12952,2,12,1,0,1,0,mixto
0,1,1,230,261,303,42,2,12678,11,11,0,0,0,0,mixto
0,1,0,49,57,80,23,0,7778,12,7,0,0,1,1,mixto
0,1,1,196,227,354,127,2,11687,5,9,1,0,0,0,mixto
2,2,2,233,699,789,90,1,2204,0,10,0,0,0,0,mixto
1,1,1,142,176,197,21,1,2177,9,1,0,0,0,1,mixto
0,2,2,323,541,635,94,2,14416,2,4,1,0,0,0,mixto
0,1,0,104,133,157,24,1,2166,1,9,0,0,0,1,mixto
2,1,1,231,376,437,61,0,5069,8,0,0,0,0,0,mixto
2,2,2,188,530,698,168,0,4370,9,8,1,0,0,0,mixto
0,1,1,237,281,293,12,0,6269,1,0,0,0,2,1,mixto
0,1,0,114,138,161,23,1,2108,1,7,0,0,0,1,mixto
0,1,0,75,85,110,25,1,811,3,0,0,0,0,1,mixto
1,0,0,37,39,51,12,1,1015,3,11,0,0,2,1,mixto
0,1,1,95,112,161,49,0,5900,6,2,0,1,1,0,mixto
0,0,0,39,42,51,9,0,7894,0,11,0,0,2,1,mixto
0,0,0,126,132,138,6,1,1918,9,3,0,0,0,1,mixto
0,1,1,207,227,268,41,1,1029,9,6,0,0,1,0,mixto
0,2,1,226,399,431,32,0,5730,11,4,0,0,0,0,mixto
0,2,2,205,339,381,42,0,3793,10,6,0,0,2,0,mixto
2,0,2,342,497,549,52,0,4851,4,8,0,0,0,0,mixto
0,0,1,219,216,223,7,1,2886,7,6,0,0,2,1,mixto
1,1,1,84,109,137,28,1,2218,8,9,0,0,0,1,mixto
1,1,1,120,151,192,41,0,6321,8,5,0,0,1,0,mixto
0,1,0,32,35,68,33,2,10873,0,9,0,0,1,0,mixto
0,1,1,212,257,286,29,0,7588,9,5,0,0,1,1,mixto
0,1,1,155,193,213,20,0,4752,11,9,0,0,0,1,mixto
1,1,1,222,320,363,43,0,4613,4,2,0,0,2,0,mixto
1,1,1,194,269,321,52,2,10566,8,11,0,0,0,0,mixto
1,1,1,223,301,328,27,1,1869,2,4,0,0,0,1,mixto
0,1,1,214,235,266,31,1,2937,11,9,0,0,1,0,mixto
2,2,2,183,546,627,81,2,10850,2,6,0,0,0,0,mixto
1,2,2,232,438,500,62,0,6707,2,5,0,0,1,0,mixto
0,2,2,184,296,351,55,0,5603,4,0,0,0,1,0,mixto
1,2,2,343,819,886,67,0,3414,6,5,0,0,0,0,mixto
0,0,0,101,106,125,19,1,1557,6,7,0,0,0,1,mixto
2,1,1,212,359,408,49,0,5972,9,1,0,0,0,0,mixto
1,1,2,370,547,601,54,0,5981,9,2,0,0,1,0,mixto
1,0,1,132,154,263,109,1,2464,0,0,1,0,1,0,mixto
0,1,1,101,115,244,129,2,12329,4,10,1,1,2,0,mixto
2,0,1,206,264,314,50,2,13677,10,11,0,0,0,0,mixto
0,0,0,125,133,147,14,0,3154,3,9,0,0,0,1,mixto
0,1,1,127,165,177,12,1,1006,9,1,0,0,1,1,mixto
0,0,1,90,85,95,10,2,8543,4,10,0,0,2,1,mixto
0,1,0,54,65,87,22,2,13317,10,11,0,0,1,1,mixto
1,0,1,122,138,170,32,0,7558,7,0,0,0,0,0,mixto
0,2,1,126,203,247,44,2,14637,2,5,0,0,0,0,mixto
0,1,1,115,133,288,155,1,666,5,10,1,1,1,0,mixto
0,1,1,89,97,119,22,0,6583,10,0,0,0,2,1,mixto
1,2,1,109,251,317,66,1,1324,2,9,1,0,0,0,mixto
0,1,1,139,158,286,128,0,3236,7,10,1,0,1,0,mixto
0,0,1,96,97,109,12,0,6432,12,1,0,0,1,1,mixto
1,0,0,149,170,207,37,1,2940,1,9,0,1,2,0,mixto
1,1,1,154,205,234,29,1,1208,5,8,0,0,0,1,mixto
1,0,1,224,268,362,94,0,7262,1,12,1,0,0,0,mixto
2,0,1,228,332,353,21,1,1421,8,0,0,0,0,1,mixto
0,1,1,149,194,215,21,1,2448,11,7,0,0,0,1,mixto
1,1,1,101,129,163,34,1,2834,8,5,0,0,1,0,mixto
1,0,1,126,132,180,48,1,885,5,12,0,1,0,0,mixto
1,1,1,195,276,303,27,1,575,0,5,0,0,2,1,mixto
1,1,1,149,208,272,64,1,1264,3,6,1,0,0,0,mixto
0,0,0,39,37,47,10,1,1302,11,0,0,0,1,1,mixto
0,0,1,205,209,249,40,2,12623,4,3,0,1,0,0,mixto
1,1,1,192,265,314,49,0,4515,0,9,0,0,1,0,mixto
1,2,2,230,401,463,62,2,14212,8,5,0,0,0,0,mixto
0,0,0,139,138,146,8,1,1482,2,10,0,0,0,1,mixto
0,1,1,130,155,188,33,0,7802,1,8,0,0,0,0,mixto
0,0,0,102,100,108,8,1,2855,0,5,0,0,0,1,mixto
0,1,1,169,223,241,18,0,5927,2,11,0,0,0,1,mixto
1,2,1,184,381,431,50,1,553,12,8,0,0,2,0,mixto
0,0,1,123,117,220,103,1,542,8,10,1,0,2,0,mixto
1,2,1,89,169,194,25,1,2542,12,0,0,0,1,1,mixto
0,1,0,131,146,168,22,1,1794,11,12,0,0,0,1,mixto
0,0,0,58,60,60,0,1,2237,12,6,0,0,2,1,mixto
0,2,2,262,452,502,50,0,3928,8,6,0,0,1,0,mixto
1,0,0,112,128,245,117,0,5973,0,9,1,0,2,0,mixto
0,1,1,241,309,327,18,1,1825,12,5,0,0,1,1,mixto
0,0,0,41,44,61,17,2,10002,5,3,0,0,0,1,mixto
2,1,2,162,304,373,69,0,7209,3,6,0,0,0,0,mixto
1,1,1,143,206,257,51,2,12257,9,12,0,0,0,0,mixto
0,2,1,149,260,349,89,0,7879,4,12,1,0,0,0,mixto
1,2,2,371,765,812,47,1,2816,4,2,0,0,0,0,mixto
0,1,1,111,127,142,15,0,4404,4,4,0,0,2,1,mixto
2,0,1,211,265,302,37,1,1211,3,5,0,0,0,0,mixto
0,1,1,153,182,209,27,0,3418,4,0,0,0,1,1,mixto
2,1,1,128,210,261,51,1,1674,4,2,0,0,0,0,mixto
0,2,1,248,429,500,71,0,4528,3,5,0,1,2,0,mixto
1,1,2,217,302,350,48,0,5682,9,7,0,0,1,0,mixto
0,1,0,126,151,159,8,1,1189,10,8,0,0,0,1,mixto
0,1,1,154,180,216,36,0,3303,7,6,0,1,0,0,mixto
1,1,1,176,213,258,45,2,11563,3,10,0,0,1,0,mixto
0,0,0,58,55,59,4,1,2886,6,5,0,0,0,1,mixto
0,2,1,153,299,362,63,2,14370,5,12,0,0,0,0,mixto
0,1,1,128,149,169,20,0,4092,5,0,0,0,0,1,mixto
1,1,1,218,320,359,39,1,727,6,8,0,0,0,0,mixto
0,1,1,96,112,143,31,0,5399,3,12,0,0,1,0,mixto
0,1,1,249,279,391,112,0,4310,12,10,1,0,1,0,mixto
0,0,1,120,116,131,15,0,3400,8,6,0,0,1,1,mixto
0,1,1,136,177,246,69,1,579,4,10,1,0,0,0,mixto
2,0,2,312,423,483,60,1,2960,4,10,0,0,1,0,mixto
0,0,0,142,150,171,21,1,1849,8,10,0,0,1,1,mixto
1,1,2,254,327,385,58,0,6043,8,12,0,0,0,0,mixto
1,2,1,91,170,319,149,1,2864,4,7,1,0,0,0,mixto
1,0,1,170,178,202,24,0,3303,4,3,0,0,1,1,mixto
0,1,0,110,136,167,31,0,7277,10,12,0,0,1,0,mixto
0,2,2,163,272,304,32,1,1573,1,2,0,0,0,0,mixto
0,2,1,137,256,285,29,1,2373,5,11,0,0,1,1,mixto
0,2,1,243,371,401,30,1,1491,9,2,0,0,0,1,mixto
0,1,0,79,87,105,18,2,10524,0,0,0,0,1,1,mixto
2,1,2,331,655,803,148,2,9155,12,9,1,0,0,0,mixto
1,1,1,126,166,203,37,0,5101,6,1,0,0,2,0,mixto
0,1,1,190,218,243,25,2,10612,3,0,0,0,2,1,mixto
0,1,0,121,153,172,19,1,804,4,12,0,0,0,1,mixto
1,1,1,169,251,287,36,1,1773,4,12,0,0,2,0,mixto
0,0,0,146,159,172,13,0,3680,3,8,0,0,1,1,mixto
0,0,1,186,180,224,44,0,5548,9,9,0,1,1,0,mixto
2,1,1,92,183,229,46,1,2347,3,1,0,0,1,0,mixto
2,1,2,338,599,706,107,0,6560,6,7,1,0,1,0,mixto
2,1,1,245,387,448,61,1,2550,0,11,0,0,2,0,mixto
1,0,1,123,146,179,33,0,3864,0,6,0,0,1,0,mixto
0,2,2,194,314,346,32,1,2051,9,1,0,0,0,0,mixto
0,0,0,121,122,122,0,1,1158,4,8,0,0,0,1,mixto
1,2,2,285,592,647,55,1,1738,7,6,0,0,2,0,mixto
0,1,0,71,85,116,31,0,5016,4,8,0,0,1,0,mixto
1,1,1,148,204,258,54,1,1958,8,5,0,1,1,0,mixto
0,1,0,60,67,76,9,0,4807,11,5,0,0,0,1,mixto
0,2,2,286,468,503,35,1,2796,7,3,0,0,2,0,mixto
1,0,1,85,95,226,131,1,2061,6,6,1,0,0,0,mixto
0,0,0,83,89,89,0,1,1379,4,3,0,0,0,1,mixto
1,1,1,88,117,143,26,1,2486,9,3,0,0,0,1,mixto
1,0,1,135,135,141,6,0,7799,5,1,0,0,2,1,mixto
1,1,1,247,303,473,170,2,9752,1,1,1,0,1,0,mixto
1,1,1,104,153,285,132,2,10178,6,4,1,1,1,0,mixto
1,0,0,146,164,199,35,2,11595,12,6,0,1,0,0,mixto
1,2,1,115,232,277,45,2,14340,11,1,0,0,0,0,mixto
2,1,2,375,661,716,55,0,5221,5,7,0,0,0,0,mixto
1,0,1,222,261,295,34,2,12220,4,8,0,0,0,0,mixto
0,1,1,102,131,137,6,1,1179,12,4,0,0,0,1,mixto
0,1,0,131,156,178,22,0,4909,1,4,0,0,1,1,mixto
0,1,1,219,252,281,29,1,2077,6,3,0,0,0,1,mixto
0,1,0,91,105,207,102,2,8617,1,9,1,0,2,0,mixto
0,2,1,114,186,206,20,1,1947,6,7,0,0,2,1,mixto
1,0,1,240,254,368,114,2,12666,4,12,1,0,1,0,mixto
0,2,1,113,225,258,33,0,6247,8,9,0,0,0,0,mixto
0,1,1,221,281,312,31,2,13076,7,11,0,0,0,0,mixto
1,0,0,130,146,170,24,2,8036,3,4,0,0,0,1,mixto
0,1,1,176,222,244,22,1,1692,7,9,0,0,1,1,mixto
0,1,1,133,163,235,72,2,10363,6,10,1,0,0,0,mixto
2,2,2,266,798,866,68,0,5781,9,10,0,0,2,0,mixto
1,1,1,238,329,377,48,0,4567,6,11,0,0,0,0,mixto
0,0,1,234,255,261,6,0,3201,8,1,0,0,2,1,mixto
0,1,1,110,123,144,21,1,1345,5,0,0,0,0,1,mixto
0,1,1,203,223,271,48,2,8331,1,12,0,0,1,0,mixto
2,2,2,293,831,932,101,2,11313,10,6,0,1,0,0,mixto
1,0,1,131,149,173,24,0,5557,5,7,0,0,2,1,mixto
0,2,2,364,633,680,47,1,1908,1,1,0,0,0,0,mixto
1,2,1,190,334,396,62,1,1608,4,7,0,0,0,0,mixto
0,0,1,204,201,206,5,0,4545,10,3,0,0,0,1,mixto
1,1,2,166,212,255,43,2,8781,1,8,0,0,0,0,mixto
0,0,0,31,30,48,18,1,1925,3,1,0,0,1,1,mixto
0,1,0,86,94,101,7,0,3075,7,2,0,0,0,1,mixto
0,0,1,110,107,140,33,0,3399,0,10,0,1,2,0,mixto
0,2,1,81,156,197,41,1,1514,10,6,0,0,1,0,mixto
1,0,0,66,72,98,26,2,10676,6,1,0,0,1,1,mixto
1,1,1,239,291,331,40,0,6917,0,1,0,0,0,0,mixto
1,1,1,156,227,258,31,1,2912,5,4,0,0,0,0,mixto
1,1,2,323,478,660,182,0,5119,6,11,1,0,1,0,mixto
0,0,1,236,255,268,13,2,9159,1,5,0,0,0,1,mixto
0,2,2,373,729,862,133,0,4720,1,6,1,0,0,0,mixto
1,0,1,206,239,271,32,2,8651,4,6,0,0,0,0,mixto
2,0,2,232,292,330,38,1,1372,10,1,0,0,0,0,mixto
0,1,1,119,140,154,14,1,2710,6,2,0,0,1,1,mixto
1,1,2,215,273,397,124,1,2920,7,12,1,0,0,0,mixto
2,1,2,200,337,397,60,1,2482,5,1,0,0,0,0,mixto
2,0,2,201,277,348,71,0,7028,0,7,0,0,0,0,mixto
0,1,1,118,134,216,82,0,7357,3,4,1,0,2,0,mixto
1,1,1,240,345,381,36,0,5281,6,9,0,0,0,0,mixto
0,1,0,95,117,131,14,0,4796,10,2,0,0,0,1,mixto
0,1,0,38,46,69,23,0,3089,3,10,0,0,0,1,mixto
0,1,1,231,268,292,24,1,506,0,0,0,0,0,1,mixto
0,0,1,106,102,116,14,1,743,2,9,0,0,0,1,mixto
0,1,1,227,269,293,24,1,764,11,6,0,0,2,1,mixto
1,1,1,190,247,271,24,1,2279,8,5,0,0,2,1,mixto
1,1,1,183,256,311,55,2,10862,5,6,0,0,0,0,mixto
1,2,2,205,398,575,177,2,12178,5,3,1,0,2,0,mixto
0,0,0,38,36,49,13,0,5925,4,8,0,0,0,1,mixto
0,2,1,120,209,220,11,1,2879,12,0,0,0,0,1,mixto
0,1,0,114,130,145,15,2,14511,1,8,0,0,2,1,mixto
2,2,2,367,1097,1232,135,0,5504,11,8,1,0,0,0,mixto
0,2,2,226,386,441,55,1,2117,4,10,0,0,2,0,mixto
0,0,1,200,196,214,18,1,770,11,1,0,0,0,1,mixto
0,2,1,139,266,304,38,1,1891,7,7,0,0,0,0,mixto
2,1,1,137,256,295,39,1,1137,5,4,0,0,2,0,mixto
1,1,1,210,302,327,25,1,581,10,5,0,0,2,1,mixto
1,2,2,361,714,795,81,0,3325,11,11,0,0,0,0,mixto
0,1,1,118,137,169,32,2,8776,6,10,0,0,0,0,mixto
0,1,1,150,173,289,116,1,1285,0,11,1,0,1,0,mixto
1,0,1,127,146,169,23,0,5310,12,12,0,0,0,1,mixto
1,1,1,246,341,375,34,1,2941,10,10,0,0,2,0,mixto
1,0,1,83,97,124,27,1,1112,5,7,0,0,0,1,mixto
0,1,1,232,270,302,32,2,14015,4,2,0,0,2,0,mixto
0,1,1,210,256,287,31,1,1415,0,6,0,0,1,0,mixto
0,2,2,348,638,755,117,1,1100,11,12,1,0,1,0,mixto
1,1,1,196,278,306,28,0,5552,5,2,0,0,1,1,mixto
2,1,1,143,217,263,46,0,4789,0,1,0,0,0,0,mixto
0,0,0,92,92,208,116,0,7511,0,9,1,0,0,0,mixto
1,1,2,297,357,514,157,1,2586,7,11,1,0,0,0,mixto
0,2,2,185,334,389,55,2,8125,10,0,0,1,2,0,mixto
0,0,0,144,151,223,72,1,588,0,9,1,0,0,0,mixto
0,2,1,218,352,405,53,0,7800,11,10,0,0,0,0,mixto
0,1,1,178,197,317,120,0,6908,3,12,1,0,2,0,mixto
0,1,0,129,166,288,122,2,9991,1,11,1,0,0,0,mixto
0,1,1,244,273,314,41,0,3639,7,12,0,0,2,0,mixto
0,1,1,113,133,182,49,1,1228,2,1,0,1,0,0,mixto
0,1,1,234,260,300,40,2,13047,1,6,0,0,1,0,mixto
0,1,1,247,272,329,57,2,9406,1,10,0,0,1,0,mixto
1,1,1,224,304,352,48,1,2155,9,4,0,0,1,0,mixto
0,0,0,114,106,125,19,2,8969,6,10,0,0,2,1,mixto
0,0,1,186,196,219,23,0,5002,6,11,0,0,2,1,mixto
1,1,1,238,321,417,96,2,13836,3,11,1,0,2,0,mixto
0,0,0,68,69,78,9,1,2596,2,4,0,0,1,1,mixto
0,1,0,55,70,97,27,0,7051,4,10,0,0,0,1,mixto
0,1,1,212,255,291,36,2,13916,6,4,0,0,0,0,mixto
0,1,1,226,258,290,32,0,3906,4,11,0,0,0,0,mixto
1,0,1,155,182,253,71,2,8554,5,7,1,0,1,0,mixto
1,1,1,191,256,294,38,0,3707,1,10,0,0,2,0,mixto
0,1,1,96,115,145,30,1,2428,0,1,0,0,1,1,mixto
1,1,2,154,220,259,39,0,3223,10,1,0,0,0,0,mixto
0,2,2,306,504,557,53,1,2265,9,5,0,0,0,0,mixto
1,1,1,205,289,428,139,0,4073,12,8,1,0,0,0,mixto
0,0,1,140,138,160,22,2,14891,9,1,0,0,0,1,mixto
0,1,1,234,277,291,14,0,5122,10,3,0,0,0,1,mixto
1,1,1,93,118,136,18,1,2204,11,5,0,0,0,1,mixto
1,1,1,109,133,174,41,2,12242,7,8,0,0,2,0,mixto
1,1,1,222,270,423,153,0,5381,12,11,1,0,0,0,mixto
0,2,2,377,646,695,49,1,1167,11,9,0,0,2,0,mixto
1,1,2,369,519,576,57,0,7452,4,11,0,0,0,0,mixto
0,1,0,35,44,60,16,1,1376,8,11,0,0,0,1,mixto
1,2,1,120,219,347,128,2,14748,8,12,1,0,1,0,mixto
1,1,1,245,309,371,62,0,5373,8,10,0,1,0,0,mixto
0,0,1,127,121,140,19,2,12082,7,9,0,0,0,1,mixto
2,0,1,226,281,323,42,0,4919,11,7,0,0,0,0,mixto
1,1,1,162,213,272,59,0,4768,0,9,0,1,1,0,mixto
1,2,1,239,422,576,154,2,13144,0,12,1,0,2,0,mixto
0,1,1,130,151,174,23,0,7162,9,5,0,0,0,1,mixto
0,0,0,93,91,97,6,0,4396,2,4,0,0,0,1,mixto
0,2,1,131,205,251,46,0,3654,3,11,0,0,1,0,mixto
1,1,1,156,201,301,100,2,10402,6,8,1,0,1,0,mixto
1,0,1,188,196,235,39,2,8782,5,1,0,0,0,0,mixto
0,1,1,174,192,211,19,1,1934,8,3,0,0,0,1,mixto
1,1,1,194,265,298,33,1,1404,8,2,0,0,0,0,mixto
1,0,1,198,207,255,48,1,926,11,12,0,1,1,0,mixto
0,1,0,98,123,142,19,2,11443,6,1,0,0,2,1,mixto
2,1,1,81,139,184,45,0,7819,3,0,0,0,0,0,mixto
0,2,2,244,378,418,40,1,634,3,5,0,0,2,0,mixto
0,0,0,148,137,180,43,2,14092,3,5,0,1,0,0,mixto
0,2,2,182,277,317,40,0,6450,11,0,0,0,0,0,mixto
1,1,2,203,256,302,46,0,7645,2,6,0,0,0,0,mixto
0,0,0,125,118,159,41,2,8128,1,9,0,1,0,0,mixto
0,1,0,77,86,182,96,0,7408,7,10,1,0,0,0,mixto
0,1,1,235,276,296,20,0,3916,7,2,0,0,0,1,mixto
1,1,1,109,154,191,37,2,10710,9,10,0,0,0,0,mixto
0,0,0,50,54,75,21,1,1275,2,8,0,1,0,1,mixto
1,2,2,371,683,731,48,1,1769,12,11,0,0,2,0,mixto
1,0,1,106,110,136,26,0,7027,12,7,0,0,0,1,mixto
1,1,1,211,268,304,36,1,697,10,1,0,1,1,0,mixto
0,1,1,126,149,169,20,0,6717,12,8,0,0,0,1,mixto
0,2,2,275,451,592,141,1,2799,4,10,1,0,0,0,mixto
1,1,1,153,195,237,42,1,862,9,9,0,0,0,0,mixto
2,1,1,199,338,387,49,2,9005,4,7,0,0,2,0,mixto
1,2,2,239,454,485,31,1,2227,11,10,0,0,0,0,mixto
2,1,1,242,450,541,91,2,14101,1,11,0,1,1,0,mixto
1,1,1,80,106,140,34,0,4043,9,6,0,0,1,0,mixto
1,0,1,126,134,156,22,1,2838,6,5,0,0,0,1,mixto
0,1,1,138,163,179,16,0,5330,8,7,0,0,0,1,mixto
0,1,1,143,180,199,19,1,1641,10,8,0,0,2,1,mixto
0,2,2,181,347,378,31,1,1911,9,3,0,0,0,0,mixto
0,1,1,84,98,120,22,0,7621,4,1,0,0,0,1,mixto
0,0,0,143,153,258,105,1,2524,11,6,1,0,0,0,mixto
0,1,1,124,141,248,107,2,12862,8,8,1,0,1,0,mixto
0,2,2,374,705,786,81,0,6413,2,1,0,1,1,0,mixto
0,1,0,55,63,76,13,1,2927,4,2,0,0,0,1,mixto
0,0,1,203,208,251,43,2,8100,9,12,0,1,0,0,mixto
1,0,1,155,158,181,23,0,3156,8,6,0,0,2,1,mixto
1,2,1,138,304,363,59,0,3516,2,12,0,0,1,0,mixto
1,0,1,107,124,244,120,1,1264,5,9,1,0,0,0,mixto
1,0,1,119,126,134,8,1,2009,5,0,0,0,2,1,mixto
1,0,1,233,242,273,31,2,14447,3,1,0,0,0,0,mixto
0,2,2,325,582,624,42,1,854,4,0,0,0,2,0,mixto
0,1,0,32,39,88,49,1,2437,0,11,1,0,2,0,mixto
1,1,1,117,151,177,26,0,7748,8,5,0,0,0,1,mixto
2,1,2,207,377,425,48,2,9535,10,3,0,0,2,0,mixto
0,1,0,108,133,154,21,2,10683,8,6,0,0,2,1,mixto
0,1,1,198,235,340,105,0,7982,1,8,1,0,0,0,mixto
2,1,2,193,351,422,71,1,2691,11,6,0,0,1,0,mixto
1,1,1,121,175,221,46,2,8557,9,0,0,1,0,0,mixto
1,1,1,204,249,275,26,1,657,10,4,0,0,0,1,mixto
1,0,0,138,162,197,35,2,8228,5,4,0,0,0,0,mixto
0,1,1,193,211,253,42,0,4488,0,8,0,1,0,0,mixto
2,0,1,135,167,221,54,1,2260,2,8,0,0,1,0,mixto
0,0,0,134,135,151,16,1,2231,2,5,0,0,1,1,mixto
0,2,2,272,423,457,34,0,7287,0,3,0,0,2,0,mixto
1,1,1,140,207,238,31,1,2247,0,5,0,0,0,0,mixto
0,0,0,88,87,101,14,0,6797,3,1,0,0,0,1,mixto
1,1,1,240,331,352,21,1,2807,9,0,0,0,0,1,mixto
0,1,0,117,146,163,17,1,2261,6,2,0,0,0,1,mixto
1,0,1,109,111,134,23,1,1307,4,7,0,0,1,1,mixto
1,1,1,101,150,243,93,0,5338,0,7,1,0,1,0,mixto
0,1,1,194,217,246,29,0,5042,12,1,0,0,1,1,mixto
2,0,1,232,341,377,36,2,11998,12,9,0,0,0,0,mixto
1,2,2,321,606,660,54,1,1037,2,11,0,0,0,0,mixto
1,1,1,139,195,237,42,0,4553,2,3,0,0,1,0,mixto
0,1,0,39,47,50,3,0,4324,12,6,0,0,1,1,mixto
0,2,1,242,370,404,34,1,715,12,4,0,0,2,0,mixto
1,0,1,102,106,126,20,0,4910,9,4,0,0,0,1,mixto
2,0,1,92,135,218,83,2,11066,9,12,0,1,0,0,mixto
1,2,1,211,451,513,62,0,6920,9,8,0,0,0,0,mixto
2,1,1,250,430,496,66,2,9713,9,9,0,0,1,0,mixto
0,0,0,54,52,62,10,1,666,7,11,0,0,0,1,mixto
1,1,1,99,148,170,22,1,626,10,6,0,0,1,1,mixto
1,1,1,149,184,223,39,1,1930,11,2,0,0,1,0,mixto
1,1,1,168,208,238,30,1,846,6,9,0,0,0,1,mixto
0,0,0,74,69,85,16,0,3901,3,5,0,0,0,1,mixto
1,0,1,208,240,266,26,1,565,7,12,0,0,1,1,mixto
0,1,0,109,139,179,40,0,5624,11,12,0,1,1,0,mixto
1,0,1,157,161,188,27,0,6332,1,5,0,0,2,1,mixto
1,0,1,212,231,272,41,2,11076,11,11,0,0,1,0,mixto
0,1,1,172,217,250,33,2,10550,5,9,0,0,0,0,mixto
0,1,0,36,48,62,14,1,779,7,5,0,0,0,1,mixto
0,0,0,52,55,67,12,0,3117,0,8,0,0,2,1,mixto
0,2,1,246,402,432,30,1,708,8,4,0,0,1,1,mixto
1,1,2,267,338,389,51,1,2349,9,10,0,0,0,0,mixto
0,2,2,314,562,616,54,0,5524,2,10,0,0,0,0,mixto
0,1,1,132,146,209,63,0,6306,2,12,0,1,0,0,mixto
0,1,1,107,128,153,25,1,1723,6,1,0,0,1,1,mixto
2,2,2,344,666,766,100,2,13630,2,12,1,1,1,0,malo
2,2,2,296,468,536,68,2,14669,2,13,1,1,1,0,malo
2,2,2,287,462,551,89,2,14713,0,15,1,1,1,0,malo
2,2,2,381,520,620,100,2,14081,0,8,1,1,1,0,malo
2,2,2,252,359,511,152,2,15298,2,12,1,1,1,0,malo
2,2,2,373,657,721,64,2,16446,0,15,1,1,1,0,malo
2,2,2,302,451,514,63,2,16205,1,13,1,1,1,0,malo
2,2,2,371,502,603,101,2,16360,2,12,1,1,1,0,malo
2,2,2,293,551,725,174,2,15141,1,15,1,1,1,0,malo
2,2,2,328,518,599,81,2,16986,0,11,1,1,1,0,malo
2,2,2,271,506,662,156,2,12498,0,12,1,1,1,0,malo
2,2,2,292,518,636,118,2,15477,1,10,1,1,1,0,malo
2,2,2,347,557,641,84,2,16995,2,11,1,1,1,0,malo
2,2,2,352,701,800,99,2,16403,0,10,1,1,1,0,malo
2,2,2,275,443,610,167,2,17743,2,9,1,1,1,0,malo
2,2,2,346,603,670,67,2,12849,2,12,1,1,1,0,malo
2,2,2,397,770,836,66,2,15955,1,12,1,1,1,0,malo
2,2,2,341,539,618,79,2,16728,2,9,1,1,1,0,malo
2,2,2,292,531,614,83,2,14409,2,10,1,1,1,0,malo
2,2,2,352,640,749,109,2,13506,0,13,1,1,1,0,malo
2,2,2,338,460,619,159,2,14661,2,14,1,1,1,0,malo
2,2,2,349,573,705,132,2,16944,2,8,1,1,1,0,malo
2,2,2,376,591,686,95,2,13347,0,10,1,1,1,0,malo
2,2,2,390,742,834,92,2,16713,1,11,1,1,1,0,malo
2,2,2,273,370,466,96,2,16481,2,12,1,1,1,0,malo
2,2,2,287,444,552,108,2,15297,2,10,1,1,1,0,malo
2,2,2,270,471,588,117,2,15100,1,8,1,1,1,0,malo
2,2,2,399,599,773,174,2,17670,2,8,1,1,1,0,malo
2,2,2,397,601,727,126,2,12793,1,12,1,1,1,0,malo
2,2,2,363,584,693,109,2,12387,1,13,1,1,1,0,malo
2,2,2,344,567,728,161,2,15125,1,10,1,1,1,0,malo
2,2,2,274,523,641,118,2,12506,1,15,1,1,1,0,malo
2,2,2,296,429,595,166,2,13537,1,9,1,1,1,0,malo
2,2,2,270,530,650,120,2,12794,1,11,1,1,1,0,malo
2,2,2,304,589,649,60,2,17678,2,14,1,1,1,0,malo
2,2,2,264,402,573,171,2,15038,1,9,1,1,1,0,malo
2,2,2,253,352,455,103,2,13554,2,11,1,1,1,0,malo
2,2,2,259,357,437,80,2,13955,0,13,1,1,1,0,malo
2,2,2,316,569,743,174,2,13108,2,15,1,1,1,0,malo
2,2,2,274,389,505,116,2,14212,2,8,1,1,1,0,malo
2,2,2,259,475,596,121,2,13091,0,15,1,1,1,0,malo
2,2,2,363,662,820,158,2,17043,2,14,1,1,1,0,malo
2,2,2,365,593,680,87,2,15358,2,10,1,1,1,0,malo
2,2,2,392,609,733,124,2,12642,2,12,1,1,1,0,malo
2,2,2,370,585,687,102,2,17105,0,15,1,1,1,0,malo
2,2,2,392,538,638,100,2,14707,1,13,1,1,1,0,malo
2,2,2,348,557,653,96,2,12198,1,9,1,1,1,0,malo
2,2,2,330,559,664,105,2,16547,0,10,1,1,1,0,malo
2,2,2,312,507,626,119,2,15969,0,15,1,1,1,0,malo
2,2,2,300,549,632,83,2,15012,2,12,1,1,1,0,malo
2,2,2,252,370,450,80,2,14490,1,8,1,1,1,0,malo
2,2,2,357,656,797,141,2,16378,1,12,1,1,1,0,malo
2,2,2,298,480,558,78,2,17848,1,15,1,1,1,0,malo
2,2,2,360,688,850,162,2,15003,1,12,1,1,1,0,malo
2,2,2,391,575,713,138,2,17379,1,13,1,1,1,0,malo
2,2,2,369,625,773,148,2,15289,0,14,1,1,1,0,malo
2,2,2,326,468,549,81,2,13438,2,8,1,1,1,0,malo
2,2,2,334,616,682,66,2,16285,0,11,1,1,1,0,malo
2,2,2,383,616,718,102,2,16719,2,15,1,1,1,0,malo
2,2,2,286,398,553,155,2,12755,1,11,1,1,1,0,malo
2,2,2,338,495,565,70,2,13289,0,15,1,1,1,0,malo
2,2,2,339,614,764,150,2,12698,0,11,1,1,1,0,malo
2,2,2,341,650,723,73,2,12223,0,10,1,1,1,0,malo
2,2,2,294,453,558,105,2,14021,2,8,1,1,1,0,malo
2,2,2,319,428,529,101,2,14953,1,14,1,1,1,0,malo
2,2,2,326,542,636,94,2,15478,2,10,1,1,1,0,malo
2,2,2,369,546,688,142,2,14973,1,10,1,1,1,0,malo
2,2,2,395,589,765,176,2,16961,1,15,1,1,1,0,malo
2,2,2,258,347,517,170,2,13060,1,14,1,1,1,0,malo
2,2,2,370,615,691,76,2,17737,0,13,1,1,1,0,malo
2,2,2,323,618,742,124,2,16544,1,15,1,1,1,0,malo
2,2,2,347,661,816,155,2,12306,1,10,1,1,1,0,malo
2,2,2,331,455,595,140,2,12343,2,8,1,1,1,0,malo
2,2,2,371,670,762,92,2,12654,0,14,1,1,1,0,malo
2,2,2,311,481,606,125,2,15684,0,8,1,1,1,0,malo
2,2,2,310,470,595,125,2,15386,2,10,1,1,1,0,malo
2,2,2,333,459,540,81,2,13535,0,13,1,1,1,0,malo
2,2,2,395,652,796,144,2,16048,2,11,1,1,1,0,malo
2,2,2,313,556,679,123,2,14037,1,15,1,1,1,0,malo
2,2,2,314,432,602,170,2,16729,0,10,1,1,1,0,malo
2,2,2,326,499,668,169,2,16391,0,10,1,1,1,0,malo
2,2,2,399,533,686,153,2,13405,0,11,1,1,1,0,malo
2,2,2,274,394,529,135,2,12419,2,10,1,1,1,0,malo
2,2,2,340,511,580,69,2,15681,1,9,1,1,1,0,malo
2,2,2,341,551,627,76,2,12508,1,12,1,1,1,0,malo
2,2,2,383,766,930,164,2,15412,2,12,1,1,1,0,malo
2,2,2,302,428,573,145,2,16011,1,12,1,1,1,0,malo
2,2,2,342,580,757,177,2,12897,0,9,1,1,1,0,malo
2,2,2,288,560,676,116,2,16617,0,8,1,1,1,0,malo
2,2,2,308,450,514,64,2,14409,0,11,1,1,1,0,malo
2,2,2,261,350,411,61,2,15778,2,15,1,1,1,0,malo
2,2,2,292,427,522,95,2,15104,1,14,1,1,1,0,malo
2,2,2,308,567,728,161,2,16282,1,13,1,1,1,0,malo
2,2,2,295,503,669,166,2,14958,1,15,1,1,1,0,malo
2,2,2,312,533,684,151,2,15131,2,9,1,1,1,0,malo
2,2,2,293,509,633,124,2,14823,0,13,1,1,1,0,malo
2,2,2,288,429,582,153,2,12949,0,9,1,1,1,0,malo
2,2,2,301,442,503,61,2,15782,1,11,1,1,1,0,malo
2,2,2,351,616,785,169,2,12144,2,8,1,1,1,0,malo
2,2,2,343,574,726,152,2,14505,0,9,1,1,1,0,malo
2,2,2,397,684,792,108,2,16668,0,9,1,1,1,0,malo
2,2,2,271,480,659,179,2,17137,0,10,1,1,1,0,malo
2,2,2,371,559,693,134,2,17066,0,15,1,1,1,0,malo
2,2,2,262,374,452,78,2,16450,1,10,1,1,1,0,malo
2,2,2,284,418,523,105,2,17814,0,14,1,1,1,0,malo
2,2,2,253,342,506,164,2,17934,2,13,1,1,1,0,malo
2,2,2,325,442,570,128,2,14416,0,12,1,1,1,0,malo
2,2,2,252,340,475,135,2,16049,0,14,1,1,1,0,malo
2,2,2,260,374,451,77,2,12941,2,13,1,1,1,0,malo
2,2,2,347,586,719,133,2,15781,0,9,1,1,1,0,malo
2,2,2,347,505,608,103,2,13976,2,8,1,1,1,0,malo
2,2,2,264,356,421,65,2,17246,0,11,1,1,1,0,malo
2,2,2,343,603,732,129,2,12808,2,14,1,1,1,0,malo
2,2,2,314,534,711,177,2,12973,0,14,1,1,1,0,malo
2,2,2,380,751,846,95,2,15871,1,10,1,1,1,0,malo
2,2,2,336,462,642,180,2,15355,0,13,1,1,1,0,malo
2,2,2,329,471,626,155,2,15728,0,8,1,1,1,0,malo
2,2,2,399,752,827,75,2,15565,0,8,1,1,1,0,malo
2,2,2,291,476,568,92,2,12278,2,14,1,1,1,0,malo
2,2,2,318,555,713,158,2,15590,0,12,1,1,1,0,malo
2,2,2,366,624,728,104,2,14633,2,10,1,1,1,0,malo
2,2,2,359,589,691,102,2,13178,1,15,1,1,1,0,malo
2,2,2,256,348,418,70,2,16956,2,11,1,1,1,0,malo
2,2,2,252,436,499,63,2,16406,0,14,1,1,1,0,malo
2,2,2,292,453,571,118,2,15928,1,9,1,1,1,0,malo
2,2,2,396,577,700,123,2,14484,2,9,1,1,1,0,malo
2,2,2,260,384,523,139,2,12954,2,14,1,1,1,0,malo
2,2,2,253,497,658,161,2,12001,1,14,1,1,1,0,malo
2,2,2,388,661,767,106,2,17222,0,11,1,1,1,0,malo
2,2,2,271,383,513,130,2,14819,2,15,1,1,1,0,malo
2,2,2,297,546,614,68,2,14905,2,10,1,1,1,0,malo
2,2,2,379,619,685,66,2,13770,0,15,1,1,1,0,malo
2,2,2,310,445,534,89,2,14505,1,10,1,1,1,0,malo
2,2,2,257,466,630,164,2,15755,2,14,1,1,1,0,malo
2,2,2,312,501,640,139,2,14651,1,9,1,1,1,0,malo
2,2,2,359,487,598,111,2,16920,1,8,1,1,1,0,malo
2,2,2,274,523,681,158,2,13154,1,11,1,1,1,0,malo
2,2,2,290,507,634,127,2,12736,0,11,1,1,1,0,malo
2,2,2,300,592,694,102,2,17118,2,15,1,1,1,0,malo
2,2,2,252,490,599,109,2,13186,2,13,1,1,1,0,malo
2,2,2,353,503,657,154,2,13848,0,14,1,1,1,0,malo
2,2,2,264,417,593,176,2,16432,1,14,1,1,1,0,malo
2,2,2,282,431,508,77,2,12173,1,15,1,1,1,0,malo
2,2,2,317,561,686,125,2,15115,0,14,1,1,1,0,malo
2,2,2,364,538,702,164,2,13934,1,12,1,1,1,0,malo
2,2,2,262,489,647,158,2,17626,1,11,1,1,1,0,malo
2,2,2,395,718,828,110,2,15160,1,12,1,1,1,0,malo
2,2,2,326,632,806,174,2,15086,1,10,1,1,1,0,malo
2,2,2,275,373,473,100,2,15867,2,10,1,1,1,0,malo
2,2,2,277,476,607,131,2,16802,0,13,1,1,1,0,malo
2,2,2,331,578,658,80,2,13752,1,12,1,1,1,0,malo
2,2,2,264,436,598,162,2,12147,1,10,1,1,1,0,malo
2,2,2,274,491,606,115,2,15536,2,11,1,1,1,0,malo
2,2,2,393,540,625,85,2,14682,0,11,1,1,1,0,malo
2,2,2,381,668,829,161,2,13270,2,14,1,1,1,0,malo
2,2,2,342,669,752,83,2,16315,0,14,1,1,1,0,malo
2,2,2,362,510,607,97,2,16406,2,14,1,1,1,0,malo
2,2,2,267,392,541,149,2,17878,0,10,1,1,1,0,malo
2,2,2,291,533,674,141,2,17680,1,13,1,1,1,0,malo
2,2,2,252,424,565,141,2,13410,2,14,1,1,1,0,malo
2,2,2,337,624,717,93,2,14309,0,11,1,1,1,0,malo
2,2,2,251,346,521,175,2,16480,2,8,1,1,1,0,malo
2,2,2,266,365,508,143,2,12110,2,11,1,1,1,0,malo
2,2,2,399,777,880,103,2,16937,0,8,1,1,1,0,malo
2,2,2,263,474,627,153,2,15935,2,13,1,1,1,0,malo
2,2,2,398,660,741,81,2,13847,2,10,1,1,1,0,malo
2,2,2,331,505,592,87,2,17271,0,12,1,1,1,0,malo
2,2,2,323,457,567,110,2,14797,1,13,1,1,1,0,malo
2,2,2,269,371,433,62,2,13426,0,14,1,1,1,0,malo
2,2,2,309,421,588,167,2,16871,1,9,1,1,1,0,malo
2,2,2,302,469,649,180,2,17496,0,15,1,1,1,0,malo
2,2,2,354,516,642,126,2,12875,0,15,1,1,1,0,malo
2,2,2,397,549,645,96,2,17675,2,10,1,1,1,0,malo
2,2,2,299,436,533,97,2,13009,0,12,1,1,1,0,malo
2,2,2,254,412,548,136,2,16119,1,8,1,1,1,0,malo
2,2,2,395,559,679,120,2,14949,1,8,1,1,1,0,malo
2,2,2,323,492,671,179,2,17228,2,12,1,1,1,0,malo
2,2,2,312,546,694,148,2,17947,0,9,1,1,1,0,malo
2,2,2,364,717,882,165,2,12609,0,9,1,1,1,0,malo
2,2,2,346,501,573,72,2,14732,2,14,1,1,1,0,malo
2,2,2,331,655,816,161,2,17189,1,13,1,1,1,0,malo
2,2,2,271,389,533,144,2,14431,1,8,1,1,1,0,malo
2,2,2,370,532,706,174,2,13031,1,13,1,1,1,0,malo
2,2,2,287,524,636,112,2,14901,0,8,1,1,1,0,malo
2,2,2,341,478,581,103,2,12264,0,10,1,1,1,0,malo
2,2,2,278,435,601,166,2,13065,1,9,1,1,1,0,malo
2,2,2,285,386,511,125,2,17118,2,15,1,1,1,0,malo
2,2,2,344,469,626,157,2,17010,1,8,1,1,1,0,malo
2,2,2,362,716,815,99,2,16834,0,12,1,1,1,0,malo
2,2,2,396,709,861,152,2,12359,2,9,1,1,1,0,malo
2,2,2,352,500,625,125,2,15914,1,8,1,1,1,0,malo
2,2,2,346,548,613,65,2,14721,0,11,1,1,1,0,malo
2,2,2,340,634,801,167,2,16003,0,10,1,1,1,0,malo
2,2,2,293,467,591,124,2,14042,1,14,1,1,1,0,malo
2,2,2,387,659,774,115,2,13774,2,15,1,1,1,0,malo
2,2,2,337,565,631,66,2,17565,2,11,1,1,1,0,malo
2,2,2,258,489,567,78,2,16141,1,9,1,1,1,0,malo
2,2,2,321,493,595,102,2,15791,2,12,1,1,1,0,malo
2,2,2,301,426,578,152,2,15066,2,9,1,1,1,0,malo
2,2,2,274,459,539,80,2,13776,0,8,1,1,1,0,malo
2,2,2,354,611,767,156,2,14639,2,14,1,1,1,0,malo
2,2,2,371,511,630,119,2,17346,1,10,1,1,1,0,malo
2,2,2,385,585,746,161,2,17100,1,9,1,1,1,0,malo
2,2,2,381,512,597,85,2,12598,2,13,1,1,1,0,malo
2,2,2,398,560,691,131,2,16720,0,14,1,1,1,0,malo
2,2,2,279,505,603,98,2,16018,1,11,1,1,1,0,malo
2,2,2,336,498,666,168,2,15925,1,10,1,1,1,0,malo
2,2,2,311,577,727,150,2,13922,1,15,1,1,1,0,malo
2,2,2,359,663,809,146,2,17639,0,12,1,1,1,0,malo
2,2,2,354,537,690,153,2,15392,0,11,1,1,1,0,malo
2,2,2,261,514,587,73,2,17064,2,10,1,1,1,0,malo
2,2,2,291,522,673,151,2,12498,0,15,1,1,1,0,malo
2,2,2,283,381,472,91,2,15028,1,8,1,1,1,0,malo
2,2,2,261,455,603,148,2,13442,0,9,1,1,1,0,malo
2,2,2,291,428,508,80,2,14470,0,13,1,1,1,0,malo
2,2,2,322,476,578,102,2,13990,1,13,1,1,1,0,malo
2,2,2,297,468,564,96,2,15344,1,14,1,1,1,0,malo
2,2,2,273,384,448,64,2,12796,0,14,1,1,1,0,malo
2,2,2,370,672,745,73,2,14678,2,14,1,1,1,0,malo
2,2,2,260,486,553,67,2,13936,0,15,1,1,1,0,malo
2,2,2,287,411,483,72,2,16100,1,14,1,1,1,0,malo
2,2,2,353,602,732,130,2,13489,0,9,1,1,1,0,malo
2,2,2,311,565,727,162,2,14063,0,15,1,1,1,0,malo
2,2,2,347,551,727,176,2,13556,0,12,1,1,1,0,malo
2,2,2,262,390,547,157,2,17636,1,11,1,1,1,0,malo
2,2,2,391,619,740,121,2,12575,1,15,1,1,1,0,malo
2,2,2,309,440,597,157,2,13127,2,9,1,1,1,0,malo
2,2,2,374,637,753,116,2,17258,2,11,1,1,1,0,malo
2,2,2,313,447,610,163,2,14247,0,12,1,1,1,0,malo
2,2,2,375,514,678,164,2,16500,2,15,1,1,1,0,malo
2,2,2,255,395,497,102,2,12476,1,8,1,1,1,0,malo
2,2,2,292,437,542,105,2,12848,2,15,1,1,1,0,malo
2,2,2,399,621,731,110,2,15619,0,13,1,1,1,0,malo
2,2,2,261,454,541,87,2,12991,2,10,1,1,1,0,malo
2,2,2,378,673,747,74,2,13451,2,9,1,1,1,0,malo
2,2,2,307,451,626,175,2,14189,2,11,1,1,1,0,malo
2,2,2,322,600,778,178,2,15741,0,15,1,1,1,0,malo
2,2,2,293,487,547,60,2,12992,0,10,1,1,1,0,malo
2,2,2,302,509,689,180,2,12391,2,13,1,1,1,0,malo
2,2,2,398,551,675,124,2,14347,1,14,1,1,1,0,malo
2,2,2,320,505,575,70,2,16047,1,15,1,1,1,0,malo
2,2,2,271,478,559,81,2,16845,2,8,1,1,1,0,malo
2,2,2,364,597,663,66,2,15403,2,12,1,1,1,0,malo
2,2,2,282,547,637,90,2,13935,2,13,1,1,1,0,malo
2,2,2,330,579,732,153,2,17554,1,15,1,1,1,0,malo
2,2,2,368,549,722,173,2,13878,1,8,1,1,1,0,malo
2,2,2,318,566,648,82,2,16606,0,9,1,1,1,0,malo
2,2,2,264,459,600,141,2,16569,0,8,1,1,1,0,malo
2,2,2,360,494,659,165,2,15965,0,15,1,1,1,0,malo
2,2,2,389,685,811,126,2,15178,1,14,1,1,1,0,malo
2,2,2,352,547,636,89,2,13254,1,10,1,1,1,0,malo
2,2,2,390,521,593,72,2,15405,0,9,1,1,1,0,malo
2,2,2,320,613,701,88,2,12055,1,8,1,1,1,0,malo
2,2,2,281,467,639,172,2,17702,2,12,1,1,1,0,malo
2,2,2,300,428,607,179,2,15149,1,12,1,1,1,0,malo
2,2,2,369,534,646,112,2,14873,2,15,1,1,1,0,malo
2,2,2,390,595,765,170,2,17697,2,15,1,1,1,0,malo
2,2,2,290,428,500,72,2,17131,1,9,1,1,1,0,malo
2,2,2,373,696,808,112,2,13770,0,8,1,1,1,0,malo
2,2,2,364,707,833,126,2,17607,0,11,1,1,1,0,malo
2,2,2,284,535,711,176,2,17476,1,10,1,1,1,0,malo
2,2,2,374,516,586,70,2,13011,2,14,1,1,1,0,malo
2,2,2,313,575,656,81,2,14581,0,8,1,1,1,0,malo
2,2,2,272,404,567,163,2,14317,2,12,1,1,1,0,malo
2,2,2,334,643,715,72,2,15347,1,10,1,1,1,0,malo
2,2,2,288,399,508,109,2,15913,2,13,1,1,1,0,malo
2,2,2,331,478,575,97,2,14428,2,13,1,1,1,0,malo
2,2,2,393,553,648,95,2,15981,2,9,1,1,1,0,malo
2,2,2,280,376,442,66,2,15731,0,9,1,1,1,0,malo
2,2,2,333,503,593,90,2,15000,2,12,1,1,1,0,malo
2,2,2,327,454,609,155,2,12164,0,8,1,1,1,0,malo
2,2,2,275,367,452,85,2,13580,0,14,1,1,1,0,malo
2,2,2,341,652,826,174,2,14269,0,9,1,1,1,0,malo
2,2,2,287,561,644,83,2,16288,0,12,1,1,1,0,malo
2,2,2,386,563,688,125,2,14171,1,13,1,1,1,0,malo
2,2,2,378,585,717,132,2,13524,2,13,1,1,1,0,malo
2,2,2,329,586,661,75,2,12248,0,8,1,1,1,0,malo
2,2,2,287,429,509,80,2,16253,2,13,1,1,1,0,malo
2,2,2,271,408,478,70,2,14219,2,9,1,1,1,0,malo
2,2,2,284,485,611,126,2,15153,0,10,1,1,1,0,malo
2,2,2,329,642,717,75,2,17271,0,15,1,1,1,0,malo
2,2,2,338,453,619,166,2,15946,1,12,1,1,1,0,malo
2,2,2,270,425,530,105,2,13471,0,11,1,1,1,0,malo
2,2,2,362,691,840,149,2,13676,0,10,1,1,1,0,malo
2,2,2,323,462,596,134,2,15738,1,15,1,1,1,0,malo
2,2,2,396,551,676,125,2,16976,0,10,1,1,1,0,malo
2,2,2,309,521,622,101,2,13086,2,12,1,1,1,0,malo
2,2,2,319,457,568,111,2,14503,2,8,1,1,1,0,malo
2,2,2,369,714,813,99,2,13239,2,8,1,1,1,0,malo
2,2,2,312,462,563,101,2,12713,2,15,1,1,1,0,malo
2,2,2,367,493,621,128,2,16159,1,9,1,1,1,0,malo
2,2,2,331,482,572,90,2,14421,0,10,1,1,1,0,malo
2,2,2,268,473,543,70,2,14467,2,9,1,1,1,0,malo
2,2,2,386,645,755,110,2,17057,1,13,1,1,1,0,malo
2,2,2,385,577,656,79,2,12084,0,9,1,1,1,0,malo
2,2,2,269,442,621,179,2,13372,2,9,1,1,1,0,malo
2,2,2,300,401,497,96,2,12324,1,10,1,1,1,0,malo
2,2,2,335,481,607,126,2,12119,1,12,1,1,1,0,malo
2,2,2,266,437,584,147,2,15183,0,12,1,1,1,0,malo
2,2,2,311,460,555,95,2,13940,1,13,1,1,1,0,malo
